69a0c278ea9b43b5992fa290ddf817a0	Holy Quran Reading (Dark)	https://contribution.usercontent.google.com/download?c=CgthaWRhX2NvZGVmeBJ7Eh1hcHBfY29tcGFuaW9uX2dlbmVyYXRlZF9maWxlcxpaCiVodG1sXzY4NmUzNGMxYTRlZDQ4NWFiZTYzYWM0Y2RiYjEwNmQ2EgsSBxDn6Kmj-xEYAZIBIwoKcHJvamVjdF9pZBIVQhM3MzM4MDA4NjgxNTA4MDkzNTcz&filename=&opi=89354086	https://lh3.googleusercontent.com/aida/ADBb0ug8jTwNh3HtfGv0_Qkx-41OgfMHV2FiFPXC1DqlV-FGdCf2S63Yksd1dQRWQwLOm5Ji4mGEuEHxhBoqj-99gSvUOoWLyJvnqz49OL1d3_UKI6U7TQ3uA_N4O8E1Zwit7iMkI1g9JdXFop2yNLmormXua0-lqSwmk9s58voz9xDuBZmb_M42qbSwLmj9n1YdGgmU1tl1k03S5MQX7g1YJ7ozRszRkVkM5Kzv59ZdmrwY4b_CgxehFLJAkKg
a5ed960062874c41bfe6649515bec4a2	Onboarding & Welcome	https://contribution.usercontent.google.com/download?c=CgthaWRhX2NvZGVmeBJ7Eh1hcHBfY29tcGFuaW9uX2dlbmVyYXRlZF9maWxlcxpaCiVodG1sX2U1YWQ5ZGFiMzdkMTRmMGQ4NGJjYzVmNjIzYTkyN2ZiEgsSBxDn6Kmj-xEYAZIBIwoKcHJvamVjdF9pZBIVQhM3MzM4MDA4NjgxNTA4MDkzNTcz&filename=&opi=89354086	https://lh3.googleusercontent.com/aida/ADBb0uj6Uy0xP3ZfMSnW4mMwJC2PPSbpMmNvft-a9ldS7sG9VSv7dcXvP98b-GlTpoz6GJvhEmPrM8fttz00VtFFTCc7xBdkLWLY59-fuD9dTgwjGjlDNrSqZF1t-BuzTH9YasIN9gR-tKo2CJQG0DlSOTJhquwp7a-s9UrnrRvfnyBotcjKdK22hEd9q5UXc_omCBRnyoGFnh1QD6-Nqd4D1li7pEHWyW1Eb2Rm0sWgZfd_AH6rFn5VY7SaIBA
33b7dc5910524a19aa1aa656def39d00	Onboarding & Welcome (Dark)	https://contribution.usercontent.google.com/download?c=CgthaWRhX2NvZGVmeBJ7Eh1hcHBfY29tcGFuaW9uX2dlbmVyYXRlZF9maWxlcxpaCiVodG1sXzg4MjUxYjJiYmFmNTQ4OTBiYTk3ODFhZGJkYjQwNGM3EgsSBxDn6Kmj-xEYAZIBIwoKcHJvamVjdF9pZBIVQhM3MzM4MDA4NjgxNTA4MDkzNTcz&filename=&opi=89354086	https://lh3.googleusercontent.com/aida/ADBb0ugCgZbjXQLy-YGJvT42BbDoAX1c--0HiZk8Kj1IrqJpG3fL1fhMlpSMBC1SA87N7l0uiUR6IKVLcAEOZkKJ9PLekvoIkRPYQZal3YorPQn0xK4ekKqeRUmxaK3lmCkSOYBns85kj0ExjcbTZ8U6oH6gMxAV-P5i5kqpxx8vBJysyxBw8c2HUVumW6D8imZRD7gz2YmCmY_P0gvS1PZFnaNCT79-IDY6WBhUMVkOgmHFowwhMjTViCrptdc
3c0e8beeab4645209340a093cf6431f6	Prayer & Qibla	https://contribution.usercontent.google.com/download?c=CgthaWRhX2NvZGVmeBJ7Eh1hcHBfY29tcGFuaW9uX2dlbmVyYXRlZF9maWxlcxpaCiVodG1sX2VjYzc3ZDBhM2Y5NDQ4M2RhNmQ5NGYzNDUyZTNmOTE2EgsSBxDn6Kmj-xEYAZIBIwoKcHJvamVjdF9pZBIVQhM3MzM4MDA4NjgxNTA4MDkzNTcz&filename=&opi=89354086	https://lh3.googleusercontent.com/aida/ADBb0uj6mATI06KtddgNbcijvqhB_2d9ZnJRN7B5VAWZag0180gx1A4nwkKFS8ptTDlrWyYDzxq5KfFYeo4OemazzqG3NS5ibYI2OZo-SmwLfcvGhqxgKOkJXEZ0kfKh5A2p_g6p89PP19y8j5TsEv3NdpU0bt33BkWLVdyr90MSGr1_91BGf096fh3vfML7AXzyLCvHtz9mkHK1qGb4uAM9YRio1BCW9cIk9u0S_CVlajfVpIyfVafY3UWyb5I
90c57a021d664c5abb392c701f395dff	Holy Quran Reading	https://contribution.usercontent.google.com/download?c=CgthaWRhX2NvZGVmeBJ7Eh1hcHBfY29tcGFuaW9uX2dlbmVyYXRlZF9maWxlcxpaCiVodG1sXzA1N2U4ZThhYWRjNzRjNjQ5NjllNDgyNTcyMWEzOWY4EgsSBxDn6Kmj-xEYAZIBIwoKcHJvamVjdF9pZBIVQhM3MzM4MDA4NjgxNTA4MDkzNTcz&filename=&opi=89354086	https://lh3.googleusercontent.com/aida/ADBb0ugPo-VCZVKStoAE4GCpRz7_e3QAmA4VLBwlScOCNaEpCYUkwaBqei5ag0iFB0RQUHO-10zB6zlDoyytbOHeWpXkACmggwW93xLGTgEkXCmZ0IYtJgQaJiVNLlh5phH5X1BTUW5lTHhnWU9EiALm3X7l8EE7ujOSjRlQrokwuxVSYA5xxSXNn3ON1I3NNGTkatuDJes78OwboaDsnt55w6wzlTtacyhlg_QW2QHz01nsCBAeuIQDkWqxUas
4716018ef8a048adbf907733fe7e45b4	Home Dashboard	https://contribution.usercontent.google.com/download?c=CgthaWRhX2NvZGVmeBJ7Eh1hcHBfY29tcGFuaW9uX2dlbmVyYXRlZF9maWxlcxpaCiVodG1sXzIzM2E5NWNkOGVmNjQwNGViY2QxNzdlY2UxNjQ3MTdmEgsSBxDn6Kmj-xEYAZIBIwoKcHJvamVjdF9pZBIVQhM3MzM4MDA4NjgxNTA4MDkzNTcz&filename=&opi=89354086	https://lh3.googleusercontent.com/aida/ADBb0uh8DMRxsUIbG8FXsL2INwKwgrM7uRNakXpk6OfmGmtG47IEMT_iMXz_h_JHtkpCtNq_w7uNdGDuTkDRg4JEq9AeDWb4v7aO6PHm-Z-AOtEqPPX8hRiLW_EcgFMTjxWne6YVOTsKeu42Bs8MTbf0lHXCzxOOm6OBGM6SdgrekXOmefFOXiJARVH-PnZFeSq81wvHASAGI4pmOduA3dc36Y00SS6DrxqblcxFgzXgJ0hOhM7qogx9n0vtZlg
e215e8a7780048398e69ec6e89150055	Home Dashboard (Dark)	https://contribution.usercontent.google.com/download?c=CgthaWRhX2NvZGVmeBJ7Eh1hcHBfY29tcGFuaW9uX2dlbmVyYXRlZF9maWxlcxpaCiVodG1sXzI3ZWM2OThmZTYwMTRiZTg4ZWJmYzM2N2E4MzQyM2MzEgsSBxDn6Kmj-xEYAZIBIwoKcHJvamVjdF9pZBIVQhM3MzM4MDA4NjgxNTA4MDkzNTcz&filename=&opi=89354086	https://lh3.googleusercontent.com/aida/ADBb0uidivlzFjjxQICP__U7v94prc9dg2LNig97ODgZqCkrD-AAM6ZlBrLM8bMHat_juGSrfqrZcZNzXc0usnLm-5vxTKASZAfH2dLCBUmSCkK0_9b6Sf0NMK2LPG3cNgKj0qNvx1d-_BG0TqGMqe8l2VbwCO-34YYwFcee6AP31eDG-ThuEw3xG4l6cun2hIlwDG8BqNnXyG8UdZ8Af5BC-kmieuo6Ipfe8LqrXJZNIjzd8FncLgSlQWSP5E4
fb2f04b7c4c44423b2a75c5e34386eef	Interactive Prototype Map & User Flow Document	https://contribution.usercontent.google.com/download?c=CgthaWRhX2NvZGVmeBJ7Eh1hcHBfY29tcGFuaW9uX2dlbmVyYXRlZF9maWxlcxpaCiVodG1sX2UyMzBjMTFlYTRiZDRiNzFiZWNmZTJhOTQzNTRhOGY1EgsSBxDn6Kmj-xEYAZIBIwoKcHJvamVjdF9pZBIVQhM3MzM4MDA4NjgxNTA4MDkzNTcz&filename=&opi=89354086	
1af81f278deb49a0b465193b66612922	Azkar & Tasbeeh (Dark)	https://contribution.usercontent.google.com/download?c=CgthaWRhX2NvZGVmeBJ7Eh1hcHBfY29tcGFuaW9uX2dlbmVyYXRlZF9maWxlcxpaCiVodG1sX2RiNjEyODBiOGM2NTQyMDdhY2UyNzUyMTY5NTYzZjRlEgsSBxDn6Kmj-xEYAZIBIwoKcHJvamVjdF9pZBIVQhM3MzM4MDA4NjgxNTA4MDkzNTcz&filename=&opi=89354086	https://lh3.googleusercontent.com/aida/ADBb0uhooad0F_6tHk4CRdWbulY8563GvyVd8CsYvFXe5Jv3nJtoaruC0CMHsGOlQ7piA6ghReP6MWZqTUhk90IYK9uwwI1CzYCUjxaUWWWlf1l-l6txhRUYLs1Yi9Y-N_sO1nKQrLRV6k45_GHmkpgHfbCdS4yRWC9F29EA392bnZAOdUfathpr8ed3dHM0z5TZxqPrtIL1Hvw_EAm_oIXfsHioAVt6o8OstFwTFC-UBfKKoBhSwZITf137xLc
978d2b19d4cc4d65a64a5dc3d478070f	Refined Settings & Profile (Light)	https://contribution.usercontent.google.com/download?c=CgthaWRhX2NvZGVmeBJ7Eh1hcHBfY29tcGFuaW9uX2dlbmVyYXRlZF9maWxlcxpaCiVodG1sX2M4ZTkxNGQzOWY5ZjQ2OGJiMTFhMjM0OGMzMzcxZDdkEgsSBxDn6Kmj-xEYAZIBIwoKcHJvamVjdF9pZBIVQhM3MzM4MDA4NjgxNTA4MDkzNTcz&filename=&opi=89354086	https://lh3.googleusercontent.com/aida/ADBb0ugb7UUmnBWlWuInfjiMdCw16hy0ROUnTp_WsHMASIC3bVNTc2zrptSdHT4jNrNrb8auFZ3tu6tg6psUkSTD2OQE3TL-qFSNBp17SbiGWvVJOISafwR7DF_18swBjjjUnxK4R2_Y1o2Xz_q3HDlBp3llA8ttsobRlseHTYYokmHUlFS30L43_Zp_heFcdjOhbjCxGTiypg2BV5tPpxUKhf0YiEEoWrrSuCaJgBd3IA5YqaS73kaN8hnSvqc
432452203005424c9e4b3ec5f2d39b34	Settings & Profile	https://contribution.usercontent.google.com/download?c=CgthaWRhX2NvZGVmeBJ7Eh1hcHBfY29tcGFuaW9uX2dlbmVyYXRlZF9maWxlcxpaCiVodG1sXzdmY2EwYjExY2RiNTQ0NDA5YzdjZTU0ZDI0Zjg2MmRhEgsSBxDn6Kmj-xEYAZIBIwoKcHJvamVjdF9pZBIVQhM3MzM4MDA4NjgxNTA4MDkzNTcz&filename=&opi=89354086	https://lh3.googleusercontent.com/aida/ADBb0ugXjnKSiJl0qX00wbeXSdKmeSct9qnFb3rK1ltojQ0lYQfhwbGKSzSKmp6mxK1C-VG8qwxoBke_1ct1VtgBxHWFrg0khTiGdLBWSsS9gcId7sq8AD7FB-0EbZfcZaPPNJ4QeDv81u1XmjQAMmUU8p5p_cS4C3FtGhg8nAWiLxIHzsA2sn_ZPJiU0jXC8me1eK3dMjV-QALy3EpXaqFB9x_JDQM63j_fm588-kWIf8zf-dSuYr-Bet6D7w
e7df5a7f65e7462b8ca6bda197e34e34	Azkar & Tasbeeh	https://contribution.usercontent.google.com/download?c=CgthaWRhX2NvZGVmeBJ7Eh1hcHBfY29tcGFuaW9uX2dlbmVyYXRlZF9maWxlcxpaCiVodG1sXzAyZTNhNTgwMDBiNzRkNDE4ODdlNzU3NDczMTA3MjE2EgsSBxDn6Kmj-xEYAZIBIwoKcHJvamVjdF9pZBIVQhM3MzM4MDA4NjgxNTA4MDkzNTcz&filename=&opi=89354086	https://lh3.googleusercontent.com/aida/ADBb0ugykBe7gUa9EhYngSt1-RyO8dZ1hsYfCk32Ricn5Ks3JftR72T--g-hD4KEM6hBKAA7kL7Mk9QhPH_6RmvM3NYo0ZHaiGBGU7gKAlgUHb6r0bUA_DexedqyRktzhy_u2FW6p4ZYYU5ac6hfXfFXeAarBl8qp_PvUN7HXJ71ODFhzteHCPsPVEadGPbryy-oHdlmHZjiVDmD5dVUYwganzoXULo2kD2DoT7avJN09GlDEfhSVJikchUnLMU
e7ab94ee545c4c72b0961bc6969178ff	Settings & Profile (Dark)	https://contribution.usercontent.google.com/download?c=CgthaWRhX2NvZGVmeBJ7Eh1hcHBfY29tcGFuaW9uX2dlbmVyYXRlZF9maWxlcxpaCiVodG1sXzMwY2NmNWViZDAwMTQ4NDNiZDM5YTViN2JlOGI1ODc2EgsSBxDn6Kmj-xEYAZIBIwoKcHJvamVjdF9pZBIVQhM3MzM4MDA4NjgxNTA4MDkzNTcz&filename=&opi=89354086	https://lh3.googleusercontent.com/aida/ADBb0uiirSQ59GqZLoWeE9Y0yxbNAVPUDgrWxc3G3pjoomjkcYfOAzsz6hYzo32y0s20GEw3Z60M6tjVz2m40NNd5x1-GyRPzFzyMAt5E04rjExEUb6NdSLKk2zOxWRcvaaqFgOYLJS_UzbDaAwKUuq5o0oegfsLcBrclirC2G1habaGnrOSm7lQszY8g2VtcjuWhdpS172MWSYTiMUDGcuuqztvONzc_nrqANFyWK8p2gFU8wzPx7OhjW5zJ0E
ffc8028c893b4611badbe8459289c6e6	Prayer & Qibla (Dark)	https://contribution.usercontent.google.com/download?c=CgthaWRhX2NvZGVmeBJ7Eh1hcHBfY29tcGFuaW9uX2dlbmVyYXRlZF9maWxlcxpaCiVodG1sXzY5YWM2YmQ5ZjY0MTQxY2ViODYzY2NjYjIzNTBhZjIzEgsSBxDn6Kmj-xEYAZIBIwoKcHJvamVjdF9pZBIVQhM3MzM4MDA4NjgxNTA4MDkzNTcz&filename=&opi=89354086	https://lh3.googleusercontent.com/aida/ADBb0uidMdoWOUDdfSXABJHMIkgcMD2rgXhAu1RO8qSTeBevUrdfbTcvL0izC5iWG1yCa2cpgVMxvC8s7EbflSFUh7L3ZJ22IGA2ZqC6Mm4n2g9pKhGyeWRONJo3YXoWoOPf8W0P71qO0FC4sPLxmsUNsEglUMjpmgwFTl9XtMq40Ce_ZNANsfNdUpXsMBNwZ7atDmXzLi1jnM8-a2VW4n94_pn6jYUhpvrXJb2nZbt_UdxvsRJnN7zk9AOShg
